<?xml version="1.0"?>
<doc>
    <assembly>
        <name>RfLink</name>
    </assembly>
    <members>
        <member name="M:RfLink.Program.OnStart">
            <summary>
            Package start
            </summary>
        </member>
        <member name="M:RfLink.Program.OnPreShutdown">
            <summary>
            Called before shutdown the package (the package is still connected to Constellation).
            </summary>
        </member>
        <member name="M:RfLink.Program.RFLinkConnect(System.String,System.Collections.Generic.List{System.String})">
            <summary>
            Connect to RFLink device using values 
            defined in from data
            </summary>
        </member>
        <member name="M:RfLink.Program.ReceivedStdOut(System.Object,System.EventArgs)">
            <summary>
            Log of rflink
            </summary>
        </member>
        <member name="M:RfLink.Program.ReceivedRFOut(System.Object,System.EventArgs)">
            <summary>
            Data received from rflink
            </summary>
        </member>
        <member name="M:RfLink.Program.SendData(System.String,System.Int32)">
            <summary>
            Send data to RFFlink
            </summary>
        </member>
        <member name="M:RfLink.Program.GetCustomSoName(System.String)">
            <summary>
            Gets custom name of the state object by its id
            </summary>
            <param name="deviceId">Device id.</param>
            <returns>The so name</returns>
        </member>
        <member name="T:RFLinkNet.Direction">
            <summary>
            Send or receive
            </summary>
        </member>
        <member name="T:RFLinkNet.Commands">
            <summary>
            Rflink commands
            </summary>
        </member>
        <member name="F:RFLinkNet.Commands.GetStatus">
            <summary>
            Request rflink status
            </summary>
        </member>
        <member name="F:RFLinkNet.Commands.GetVersion">
            <summary>
            Request rflink version
            </summary>
        </member>
        <member name="M:RFLinkNet.Commands.ConstructPacket(System.String)">
            <summary>
            Build rflink command
            </summary>
            <param name="request"></param>
            <returns></returns>
        </member>
        <member name="T:RFLinkNet.RFData">
            <summary>
            Describes a RF Data packet with helper functions
            </summary>
        </member>
        <member name="P:RFLinkNet.RFData.DateTime">
            <summary>
            Time the data was processed
            </summary>
        </member>
        <member name="P:RFLinkNet.RFData.Counter">
            <summary>
            RFLink Gateway counter ID
            </summary>
        </member>
        <member name="P:RFLinkNet.RFData.Protocol">
            <summary>
            Protocol used by the device
            </summary>
        </member>
        <member name="P:RFLinkNet.RFData.Fields">
            <summary>
            All fields returned by the gateway
            </summary>
        </member>
        <member name="M:RFLinkNet.RFData.#ctor">
            <summary>
            Ctor
            </summary>
        </member>
        <member name="M:RFLinkNet.RFData.ToString">
            <summary>
            ToString override
            </summary>
            <returns></returns>
        </member>
        <member name="T:RFLinkNet.ProtocolParser">
            <summary>
            Helper to read rf data
            </summary>
        </member>
        <member name="T:RFLinkNet.RFEventArgs">
            <summary>
            Rf stdout data
            </summary>
        </member>
        <member name="P:RFLinkNet.RFEventArgs.Data">
            <summary>
            Data from rflink
            </summary>
        </member>
        <member name="T:RFLinkNet.LibraryStatus">
            <summary>
            Status of rflink
            </summary>
        </member>
        <member name="T:RFLinkNet.RFLinkClient">
            <summary>
            Rflink client manager
            </summary>
        </member>
        <member name="E:RFLinkNet.RFLinkClient.EventLogOut">
            <summary>
            RfLink log
            </summary>
        </member>
        <member name="E:RFLinkNet.RFLinkClient.EventRFOut">
            <summary>
            RfLink rf log
            </summary>
        </member>
        <member name="P:RFLinkNet.RFLinkClient.Settings">
            <summary>
            RFLink Settings are returned from the device on load
            </summary>
        </member>
        <member name="F:RFLinkNet.RFLinkClient.libraryStatus">
            <summary>
            The library's internal state
            </summary>
        </member>
        <member name="M:RFLinkNet.RFLinkClient.ReturnStdOut(System.String)">
            <summary>
            Callback for rflink log
            </summary>
            <param name="text"></param>
        </member>
        <member name="M:RFLinkNet.RFLinkClient.ReturnRFOutput(RFLinkNet.RFData)">
            <summary>
            Callback for rflink rf log
            </summary>
        </member>
        <member name="M:RFLinkNet.RFLinkClient.#ctor">
            <summary>
            Construct a RFLink client with default port ("COM1")
            </summary>
        </member>
        <member name="M:RFLinkNet.RFLinkClient.#ctor(System.String)">
            <summary>
            Construct a RFLink client with option to specify port name
            </summary>
            <param name="port">Port name e.g. COM1 (default)</param>
        </member>
        <member name="M:RFLinkNet.RFLinkClient.#ctor(System.IO.Ports.SerialPort)">
            <summary>
            Construct RFLink client with existing serial port object
            </summary>
            <param name="serialPort"></param>
        </member>
        <member name="M:RFLinkNet.RFLinkClient.Finalize">
            <summary>
            Dispose the rflink client
            </summary>
        </member>
        <member name="M:RFLinkNet.RFLinkClient.SendRawData(System.String,System.Int32)">
            <summary>
            Send data to the RFLink serial port
            No data will be manipulated 
            </summary>
            <param name="data">Raw data to send</param>
            <param name="repeat">How many times to send data</param>
        </member>
        <member name="M:RFLinkNet.RFLinkClient.Close">
            <summary>
            Close connection with rflink
            </summary>
        </member>
        <member name="M:RFLinkNet.RFLinkClient.Connect">
            <summary>
            Connect with rflink
            </summary>
            <returns>true if connected successfully, otherwise false</returns>
        </member>
        <member name="M:RFLinkNet.RFLinkClient.Setup(System.String)">
            <summary>
            Setup the serialport parameters
            </summary>
            <param name="port"></param>
        </member>
        <member name="M:RFLinkNet.RFLinkClient.RequestDeviceState(System.String,System.Threading.ManualResetEvent@,System.Int32)">
            <summary>
            Get status and version of rflink
            </summary>
            <param name="request">request</param>
            <param name="waitevent">event to set value</param>
            <param name="attempts">number of attemps</param>
        </member>
        <member name="M:RFLinkNet.RFLinkClient.SerialPort_DataReceived(System.Object,System.IO.Ports.SerialDataReceivedEventArgs)">
            <summary>
            Data to be processed when received by the RFlink serial port
            </summary>
            <param name="sender">sender</param>
            <param name="e">Data received over serial port</param>
        </member>
        <member name="M:RFLinkNet.RFLinkClient.Dispose">
            <summary>
            Public implementation of Dispose pattern callable by consumers.
            </summary>
        </member>
        <member name="M:RFLinkNet.RFLinkClient.Dispose(System.Boolean)">
            <summary>
            Protected implementation of Dispose pattern.
            </summary>
            <param name="disposing"></param>
        </member>
        <member name="M:RFLinkNet.RFLinkSettings.ProcessStatusResponse(RFLinkNet.RFData)">
            <summary>
            Get protocol activation
            </summary>
            <param name="data">>received data</param>
        </member>
        <member name="M:RFLinkNet.RFLinkSettings.ProcessVerResponse(RFLinkNet.RFData)">
            <summary>
            Get rflink software version
            </summary>
            <param name="data">received data</param>
        </member>
    </members>
</doc>
