<?xml version="1.0"?>
<doc>
    <assembly>
        <name>EcoPellets</name>
    </assembly>
    <members>
        <member name="F:EcoPellets.Program.baseUrl">
            <summary>
            Url de l'api
            </summary>
        </member>
        <member name="F:EcoPellets.Program.getUrlPart">
            <summary>
            Partie commune lors de la RÉCUP d'info
            </summary>
        </member>
        <member name="F:EcoPellets.Program.client">
            <summary>
            Client pour interroger l'api
            </summary>
        </member>
        <member name="P:EcoPellets.Program.uniqId">
            <summary>
            Identifiant pour se connecter a l'api d'ecopellets
            </summary>
        </member>
        <member name="M:EcoPellets.Program.RefreshData">
            <summary>
            Rafraichissement de toutes les données
            </summary>
        </member>
        <member name="M:EcoPellets.Program.ConsoSac">
            <summary>
            Ajoute la consommation d'un ou plusieur sacs sac
            </summary>
        </member>
        <member name="M:EcoPellets.Program.CommandeSacs(System.Int32,System.Single)">
            <summary>
            Ajoute une commande de sacs
            </summary>
            <param name="nbSac">Nombre de sacs</param>
            <param name="prix">Prix DU sac</param>
        </member>
        <member name="M:EcoPellets.Program.AjoutNetoyage">
            <summary>
            Ajoute une netoyage de l'insert
            </summary>
        </member>
        <member name="M:EcoPellets.Program.ConsoSacAsync">
            <summary>
            Ajout un sac consommé
            </summary>
        </member>
        <member name="M:EcoPellets.Program.CommandeSacsAsync(System.Int32,System.Single)">
            <summary>
            Ajoute les infos d'une commandes de sacs
            </summary>
            <param name="nb">Nombre de sacs</param>
            <param name="prix">Prix DU sac</param>
        </member>
        <member name="M:EcoPellets.Program.AjoutNetoyageAsync">
            <summary>
            Ajoute une netoyage de l'insert
            </summary>
        </member>
        <member name="M:EcoPellets.Program.StockCourant">
            <summary>
            Récupère le stock courant
            </summary>
            <returns>le stock courant</returns>
        </member>
        <member name="M:EcoPellets.Program.ConsommationMoisCourant">
            <summary>
            Donne la consommation du mois courant
            </summary>
            <returns>la consommation du mois courant</returns>
        </member>
        <member name="M:EcoPellets.Program.ConsommationMoisPrecedent">
            <summary>
            Donne la consommation du mois précédent
            </summary>
            <returns>la consommation du mois précédent</returns>
        </member>
        <member name="M:EcoPellets.Program.Tendance">
            <summary>
            Donne la tendance de consommation des 7 derniers jours
            </summary>
            <returns>la tendance de consommation des 7 derniers jours</returns>
        </member>
        <member name="M:EcoPellets.Program.NombreJoursAvantEpuisementStock">
            <summary>
            Donne une estimation du nombre de jours avant l'épuisement du stock
            </summary>
            <returns>une estimation du nombre de jours avant l'épuisement du stock</returns>
        </member>
        <member name="M:EcoPellets.Program.Request(System.String)">
            <summary>
            Interrogation de l'api
            </summary>
            <param name="path">url</param>
            <returns>Réponse de l'api sous forme de chaine</returns>
        </member>
        <member name="M:EcoPellets.Program.PushStateObject(System.String,System.Object)">
            <summary>
            Ajout du state object
            </summary>
            <param name="nom">Nom du SO</param>
            <param name="val">Valeur du SO</param>
        </member>
    </members>
</doc>
