<?xml version="1.0"?>
<doc>
    <assembly>
        <name>Yeelight</name>
    </assembly>
    <members>
        <member name="T:Yeelight.Configs.DeviceConfig">
            <summary>
            Configuration for a device
            </summary>
        </member>
        <member name="P:Yeelight.Configs.DeviceConfig.Hostname">
            <summary>
            Hostname or IP adress
            </summary>
        </member>
        <member name="P:Yeelight.Configs.DeviceConfig.Name">
            <summary>
            Name of the device
            </summary>
        </member>
        <member name="P:Yeelight.Configs.DeviceConfig.Port">
            <summary>
            Port of the device (default 55443) : optional
            </summary>
        </member>
        <member name="T:Yeelight.Configs.DeviceGroupConfig">
            <summary>
            Configuration for a group of devices
            </summary>
        </member>
        <member name="P:Yeelight.Configs.DeviceGroupConfig.Devices">
            <summary>
            Devices of the group
            </summary>
        </member>
        <member name="P:Yeelight.Configs.DeviceGroupConfig.Name">
            <summary>
            name of the group
            </summary>
        </member>
        <member name="T:Yeelight.Program">
            <summary>
            Yeelight Package
            </summary>
        </member>
        <member name="M:Yeelight.Program.OnPreShutdown">
            <summary>
            Package Pre-Shutdown
            </summary>
        </member>
        <member name="M:Yeelight.Program.OnStart">
            <summary>
            Package start
            </summary>
        </member>
        <member name="M:Yeelight.Program.Main(System.String[])">
            <summary>
            Main
            </summary>
            <param name="args"></param>
        </member>
        <member name="M:Yeelight.Program.ErrorEvent(System.Object,System.UnhandledExceptionEventArgs)">
            <summary>
            Error event
            </summary>
            <param name="sender"></param>
            <param name="e"></param>
        </member>
        <member name="M:Yeelight.Program.GetControllerDevice(System.String)">
            <summary>
            Get a controller device or group by its name
            </summary>
            <param name="deviceOrGroupName"></param>
            <returns></returns>
        </member>
        <member name="M:Yeelight.Program.GetReaderDevice(System.String)">
            <summary>
            Get a reader device or group by its name
            </summary>
            <param name="deviceOrGroupName"></param>
            <returns></returns>
        </member>
        <member name="M:Yeelight.Program.AdjustBrightness(System.String,System.Int32,System.Nullable{System.Int32})">
            <summary>
            Adjusts the Brightness
            </summary>
            <param name="deviceOrGroupName"></param>
            <param name="percent">range between -100 and 100</param>
            <param name="duration"></param>
            <returns></returns>
        </member>
        <member name="M:Yeelight.Program.AdjustColor(System.String,System.Int32,System.Nullable{System.Int32})">
            <summary>
            Adjusts the Color
            </summary>
            <param name="deviceOrGroupName"></param>
            <param name="percent">range between -100 and 100</param>
            <param name="duration"></param>
            <returns></returns>
        </member>
        <member name="M:Yeelight.Program.AdjustColorTemperature(System.String,System.Int32,System.Nullable{System.Int32})">
            <summary>
            Adjusts the Color temperature
            </summary>
            <param name="deviceOrGroupName"></param>
            <param name="percent">range between -100 and 100</param>
            <param name="duration"></param>
            <returns></returns>
        </member>
        <member name="M:Yeelight.Program.Discover">
            <summary>
            Discover devices through LAN
            </summary>
            <returns></returns>
        </member>
        <member name="M:Yeelight.Program.GetAllProps(System.String)">
            <summary>
            Get all properties from a Device
            </summary>
            <param name="deviceOrGroupName">Device's name</param>
            <returns></returns>
        </member>
        <member name="M:Yeelight.Program.GetProp(System.String,YeelightAPI.Models.PROPERTIES)">
            <summary>
            Get a single property from a Device
            </summary>
            <param name="deviceOrGroupName">Device's name</param>
            <param name="property">Name of the property</param>
            <returns></returns>
        </member>
        <member name="M:Yeelight.Program.GetProps(System.String,YeelightAPI.Models.PROPERTIES)">
            <summary>
            Get multiple properties from a Device
            </summary>
            <param name="deviceOrGroupName">Device's name</param>
            <param name="properties">list of properties names</param>
            <returns></returns>
        </member>
        <member name="M:Yeelight.Program.SetAdjust(System.String,YeelightAPI.Models.Adjust.AdjustAction,YeelightAPI.Models.Adjust.AdjustProperty)">
            <summary>
            Adjusts the device settings
            </summary>
            <param name="deviceOrGroupName">Device's name</param>
            <param name="adjustAction">Adjust action to perform</param>
            <param name="adjustProperty">the property to adjust</param>
            <returns></returns>
        </member>
        <member name="M:Yeelight.Program.SetBrightness(System.String,System.Int32,System.Nullable{System.Int32})">
            <summary>
            Change the brightness of the Device
            </summary>
            <param name="deviceOrGroupName">Device's name</param>
            <param name="brightness">brightness intensity. From 1 to 100</param>
            <param name="smooth">Duration of the effect in milliseconds. Min : 50</param>
            <returns></returns>
        </member>
        <member name="M:Yeelight.Program.SetColorTemperature(System.String,System.Int32,System.Nullable{System.Int32})">
            <summary>
            Change the color temperature of the Device
            </summary>
            <param name="deviceOrGroupName">Device's name</param>
            <param name="temperature">temperature. From 1700 to 6500</param>
            <param name="smooth">Duration of the effect in milliseconds. Min : 50</param>
            <returns></returns>
        </member>
        <member name="M:Yeelight.Program.SetDefault(System.String)">
            <summary>
            Save the current state as the default
            </summary>
            <param name="deviceOrGroupName">Device's name</param>
            <returns></returns>
        </member>
        <member name="M:Yeelight.Program.SetHSVColor(System.String,System.Int32,System.Int32,System.Nullable{System.Int32})">
            <summary>
            Change the Device's HSV color
            </summary>
            <param name="deviceOrGroupName">Device's name</param>
            <param name="hue">red level : from 0 to 255</param>
            <param name="sat">green level : from 0 to 255</param>
            <param name="smooth">Duration of the effect in milliseconds. Min : 50</param>
            <returns></returns>
        </member>
        <member name="M:Yeelight.Program.SetPower(System.String,System.Boolean)">
            <summary>
            Change the power state of a Device
            </summary>
            <param name="deviceOrGroupName">Device's name</param>
            <param name="state">state : true is on, false is off</param>
            <returns></returns>
        </member>
        <member name="M:Yeelight.Program.SetRGBColor(System.String,System.Int32,System.Int32,System.Int32,System.Nullable{System.Int32})">
            <summary>
            Change the Device's RGB color
            </summary>
            <param name="deviceOrGroupName">Device's name</param>
            <param name="red">red level : from 0 to 255</param>
            <param name="green">green level : from 0 to 255</param>
            <param name="blue">blue level : from 0 to 255</param>
            <param name="smooth">Duration of the effect in milliseconds. Min : 50</param>
            <returns></returns>
        </member>
        <member name="M:Yeelight.Program.Toggle(System.String)">
            <summary>
            Toggle a Device
            </summary>
            <param name="deviceOrGroupName">Device's name</param>
            <returns></returns>
        </member>
        <member name="M:Yeelight.Program.TurnOff(System.String,System.Nullable{System.Int32})">
            <summary>
            Change the power state of a Device
            </summary>
            <param name="deviceOrGroupName">Device's name</param>
            <param name="smooth"></param>
            <returns></returns>
        </member>
        <member name="M:Yeelight.Program.TurnOn(System.String,System.Nullable{System.Int32},YeelightAPI.Models.PowerOnMode)">
            <summary>
            Change the power state of a Device
            </summary>
            <param name="deviceOrGroupName">Device's name</param>
            <param name="smooth"></param>
            <param name="mode"></param>
            <returns></returns>
        </member>
        <member name="M:Yeelight.Program.StartSunRise(System.String)">
            <summary>
            Turn to sunrise from 0 to 100% on 15 minutes and keep bulb on
            </summary>
            <param name="deviceOrGroupName">Device's name</param>
            <returns></returns>
        </member>
        <member name="M:Yeelight.Program.StartSunSet(System.String)">
            <summary>
            Turn to sunset from 100% to 0 on 15 minutes and turn bulb off
            </summary>
            <param name="deviceOrGroupName">Device's name</param>
            <returns></returns>
        </member>
        <member name="M:Yeelight.Program.StartFourSevenEight(System.String)">
            <summary>
            Start a 4-7-8 Breath indicator on selected device
            </summary>
            <param name="deviceOrGroupName">Device's name</param>
            <returns></returns>
        </member>
        <member name="M:Yeelight.Program.StartRomantic(System.String)">
            <summary>
            Turn to romantic mode
            </summary>
            <param name="deviceOrGroupName">Device's name</param>
            <returns></returns>
        </member>
        <member name="M:Yeelight.Program.TurnOnDay(System.String)">
            <summary>
            Turn device on with high luminosity
            </summary>
            <param name="deviceOrGroupName">Device's name</param>
            <returns></returns>
        </member>
        <member name="M:Yeelight.Program.TurnOnNight(System.String)">
            <summary>
            Turn device on with low luminosity
            </summary>
            <param name="deviceOrGroupName">Device's name</param>
            <returns></returns>
        </member>
    </members>
</doc>
