﻿<?xml version="1.0" encoding="utf-8" ?>
<Package xmlns="http://schemas.myconstellation.io/Constellation/1.8/PackageManifest"
         Name="Pollution"
         Version="1.0"
         Author="swilhelm"
         URL="http://www.myconstellation.io"
         Description="Récupération des données sur la pollution autours de vous, ou ailleur !"
         EnableControlHub="false">
  <Compatibility constellationVersion="1.8" dotNetTargetPlatform="net45">
    <Platforms>
      <Platform id="Win32NT" isCompliant="true" />
      <Platform id="Unix" isCompliant="true" />
    </Platforms>
  </Compatibility>
  <Settings>
    <Setting name="AqicnIdId" isRequired="true" type="String" description="Votre identifiant pour l'api (http://aqicn.org/api/fr/)"/>
  </Settings>
</Package>