<?xml version="1.0"?>
<doc>
    <assembly>
        <name>Pollution</name>
    </assembly>
    <members>
        <member name="F:Pollution.Program.client">
            <summary>
            Client pour interroger l'api
            </summary>
        </member>
        <member name="P:Pollution.Program.aqicnId">
            <summary>
            Identifiant pour se connecter a l'api d'aqicn
            </summary>
        </member>
        <member name="F:Pollution.Program.baseUrl">
            <summary>
            Url de l'api
            </summary>
        </member>
        <member name="F:Pollution.Program.feed">
            <summary>
            Feed
            </summary>
        </member>
        <member name="F:Pollution.Program.map">
            <summary>
            Feed
            </summary>
        </member>
        <member name="F:Pollution.Program.search">
            <summary>
            search
            </summary>
        </member>
        <member name="M:Pollution.Program.RecupererPollutionVille(System.String)">
            <summary>
            Récupère la pollution pour une ville
            </summary>
            <param name="ville">La ville</param>
            <returns>la pollution pour une ville</returns>
        </member>
        <member name="M:Pollution.Program.RecupererPollutionIp">
            <summary>
            Récupère la pollution à partir d'une IP
            </summary>
            <returns>la pollution à partir d'une IP</returns>
        </member>
        <member name="M:Pollution.Program.RecupererPollutionGeoloc(System.String,System.String)">
            <summary>
            Récupère la pollution à partir de coordonnées GPS
            </summary>
            <param name="latitude">La latitude</param>
            <param name="longitude">La longitude</param>
            <returns>la pollution à partir de coordonnées GPS</returns>
        </member>
        <member name="M:Pollution.Program.RecupererStationsGeoloc(System.String,System.String,System.String,System.String)">
            <summary>
            Récupère les stations à partir de coordonnées GPS
            </summary>
            <returns>les stations à partir de coordonnées GPS</returns>
        </member>
        <member name="M:Pollution.Program.RecupererStationsParNom(System.String)">
            <summary>
            Récupère une station par son nom
            </summary>
            <returns>une station par son nom</returns>
        </member>
        <member name="M:Pollution.Program.Request(System.String,System.Int32)">
            <summary>
            Interrogation de l'api
            </summary>
            <param name="path">url</param>
            <param name="cpt">compteur d'appel</param>
            <returns>Réponse de l'api sous forme de chaine</returns>
        </member>
        <member name="M:Pollution.Program.PushStateObject(System.String,System.Object)">
            <summary>
            Ajout du state object
            </summary>
            <param name="nom">Nom du SO</param>
            <param name="val">Valeur du SO</param>
        </member>
    </members>
</doc>
