<?xml version="1.0"?>
<doc>
    <assembly>
        <name>Pollen</name>
    </assembly>
    <members>
        <!-- Badly formed XML comment ignored for member "T:Pollen.Program" -->
        <member name="P:Pollen.Program.DepNum">
            <summary>
            Le numéro de département
            </summary>
        </member>
        <member name="P:Pollen.Program.RefreshInterval">
            <summary>
            Frequence de rafraichissement
            </summary>
        </member>
        <member name="P:Pollen.Program.Log">
            <summary>
            Frequence de rafraichissement
            </summary>
        </member>
        <member name="T:Pollen.Vegetal">
            <summary>
            Classe représentant un vegetal
            </summary>
        </member>
        <member name="F:Pollen.Vegetal.Nom">
            <summary>
            Nom du vegetal
            </summary>
        </member>
        <member name="F:Pollen.Vegetal.Couleur">
            <summary>
            Couleur en fct du niveau de pollenisation
            </summary>
        </member>
        <member name="F:Pollen.Vegetal.Niveau">
            <summary>
            Niveau de pollenisation
            </summary>
        </member>
        <member name="M:Pollen.Vegetal.#ctor(System.String,System.String)">
            <summary>
            Ctor
            </summary>
            <param name="nom">Nom</param>
            <param name="couleur">Couleur</param>
        </member>
        <member name="M:Pollen.Vegetal.ToString">
            <summary>
            Nom, niveau, couleur
            </summary>
            <returns>Nom, niveau, couleur</returns>
        </member>
    </members>
</doc>
