<?xml version="1.0"?>
<doc>
    <assembly>
        <name>Pollen</name>
    </assembly>
    <members>
        <member name="P:Pollen.Program.depNum">
            <summary>
            Le numéro de département
            </summary>
        </member>
        <member name="P:Pollen.Program.urlSource">
            <summary>
            Source d'information
            </summary>
        </member>
        <member name="P:Pollen.Program.fileName">
            <summary>
            Nom du fichier
            </summary>
        </member>
        <member name="M:Pollen.Program.DownloadFileCallback(System.Object,System.ComponentModel.AsyncCompletedEventArgs)">
            <summary>
            Lecture de l'image et ajout des infos dans un state object
            </summary>
            <param name="sender"></param>
            <param name="e"></param>
        </member>
        <member name="T:Pollen.Vegetal">
            <summary>
            Classe représentant un vegetal
            </summary>
        </member>
        <member name="F:Pollen.Vegetal.Nom">
            <summary>
            Nom du vegetal
            </summary>
        </member>
        <member name="F:Pollen.Vegetal.Couleur">
            <summary>
            Couleur en fct du niveau de pollenisation
            </summary>
        </member>
        <member name="F:Pollen.Vegetal.Niveau">
            <summary>
            Niveau de pollenisation
            </summary>
        </member>
        <member name="M:Pollen.Vegetal.#ctor(System.String,System.String)">
            <summary>
            Ctor
            </summary>
            <param name="nom">Nom</param>
            <param name="couleur">Couleur</param>
        </member>
        <member name="M:Pollen.Vegetal.ToString">
            <summary>
            Nom, niveau, couleur
            </summary>
            <returns>Nom, niveau, couleur</returns>
        </member>
    </members>
</doc>
