<?xml version="1.0"?>
<doc>
    <assembly>
        <name>BetaSeries</name>
    </assembly>
    <members>
        <member name="T:BetaSeries.Program">
            <summary>
            BetaSeries constellation Package
            </summary>
        </member>
        <member name="F:BetaSeries.Program._connected">
            <summary>
            connection state
            </summary>
        </member>
        <member name="F:BetaSeries.Program._userToken">
            <summary>
            user connection token
            </summary>
        </member>
        <member name="M:BetaSeries.Program.Main(System.String[])">
            <summary>
            Main
            </summary>
            <param name="args"></param>
        </member>
        <member name="M:BetaSeries.Program.OnStart">
            <summary>
            On Start
            </summary>
        </member>
        <member name="M:BetaSeries.Program.GetPlanning(System.Boolean)">
            <summary>
            Get the user's planning
            </summary>
        </member>
        <member name="M:BetaSeries.Program.MarkEpisodeAsSeen(System.String,System.Boolean)">
            <summary>
            Mark an Episode as Seen
            </summary>
            <param name="id">Id of the episode</param>
            <param name="bulk">Mark all previous episodes as seen (default: true)</param>
            <returns></returns>
        </member>
    </members>
</doc>
