<?xml version="1.0"?>
<doc>
    <assembly>
        <name>XiaomiSmartHome</name>
    </assembly>
    <members>
        <member name="T:XiaomiSmartHome.Constants">
            <summary>
            Constants of package
            </summary>
        </member>
        <member name="F:XiaomiSmartHome.Constants.GATEWAY_IP">
            <summary>
            Setting name for gateway ip
            </summary>
        </member>
        <member name="F:XiaomiSmartHome.Constants.GATEWAY_MULTICAST_IP">
            <summary>
            Setting name for gateway multicast ip
            </summary>
        </member>
        <member name="F:XiaomiSmartHome.Constants.GATEWAY_MULTICAST_PORT">
            <summary>
            Setting name for gateway multicast port
            </summary>
        </member>
        <member name="F:XiaomiSmartHome.Constants.GATEWAY_PASSWORD">
            <summary>
            Setting name for gateway password
            </summary>
        </member>
        <member name="F:XiaomiSmartHome.Constants.HEARTBEAT_LOG">
            <summary>
            Setting name for activation of heartbeat log
            </summary>
        </member>
        <member name="F:XiaomiSmartHome.Constants.REPORT_LOG">
            <summary>	
            Setting name for activation of report log	
            </summary>	
        </member>
        <member name="F:XiaomiSmartHome.Constants.ALARM_SO_NAME">
            <summary>
            Name of the alarme state object
            </summary>
        </member>
        <member name="T:XiaomiSmartHome.Enums">
            <summary>
            Enumerations
            </summary>
        </member>
        <member name="F:XiaomiSmartHome.Enums._realNames">
            <summary>
            Cache for enums
            </summary>
        </member>
        <member name="T:XiaomiSmartHome.Enums.CommandType">
            <summary>
            Enumeration of availlable commands
            </summary>
        </member>
        <member name="F:XiaomiSmartHome.Enums.CommandType.GetIdList">
            <summary>
            Commande name for get id list
            </summary>
        </member>
        <member name="F:XiaomiSmartHome.Enums.CommandType.GetIdListAck">
            <summary>
            Commande name for get id list acknowledgement
            </summary>
        </member>
        <member name="F:XiaomiSmartHome.Enums.CommandType.Read">
            <summary>
            Commande name for read
            </summary>
        </member>
        <member name="F:XiaomiSmartHome.Enums.CommandType.ReadAck">
            <summary>
            Commande name for read acknowledgement
            </summary>
        </member>
        <member name="F:XiaomiSmartHome.Enums.CommandType.Write">
            <summary>
            Commande name for write
            </summary>
        </member>
        <member name="F:XiaomiSmartHome.Enums.CommandType.WriteAck">
            <summary>
            Commande name for write acknowledgement
            </summary>
        </member>
        <member name="F:XiaomiSmartHome.Enums.CommandType.Heartbeat">
            <summary>
            Commande name for heartbeat
            </summary>
        </member>
        <member name="F:XiaomiSmartHome.Enums.CommandType.Report">
            <summary>
            Commande name for report
            </summary>
        </member>
        <member name="T:XiaomiSmartHome.Enums.BatteryType">
            <summary>
            Equipment battery type
            </summary>
        </member>
        <member name="F:XiaomiSmartHome.Enums.BatteryType.SECTOR">
            <summary>
            Battery type sector
            </summary>
        </member>
        <member name="F:XiaomiSmartHome.Enums.BatteryType.CR1632">
            <summary>
            Battery type CR1632
            </summary>
        </member>
        <member name="F:XiaomiSmartHome.Enums.BatteryType.CR2450">
            <summary>
            Battery type CR2450
            </summary>
        </member>
        <member name="F:XiaomiSmartHome.Enums.BatteryType.CR2032">
            <summary>
            Battery type CR2032
            </summary>
        </member>
        <member name="T:XiaomiSmartHome.Enums.EquipmentType">
            <summary>
            Equipment type
            </summary>
        </member>
        <member name="F:XiaomiSmartHome.Enums.EquipmentType.Gateway">
            <summary>
            Gateway model name in report or heartbeat
            </summary>
        </member>
        <member name="F:XiaomiSmartHome.Enums.EquipmentType.Switch">
            <summary>
            Equipement type Smart Wireless Switch
            </summary>
        </member>
        <member name="F:XiaomiSmartHome.Enums.EquipmentType.SensorHt">
            <summary>
            Equipement type temperatuer / humidity sensor
            </summary>
        </member>
        <member name="F:XiaomiSmartHome.Enums.EquipmentType.Plug">
            <summary>
            Equipement type wall plug
            </summary>
        </member>
        <member name="F:XiaomiSmartHome.Enums.EquipmentType.Motion">
            <summary>
            Equipement type motion detector
            </summary>
        </member>
        <member name="F:XiaomiSmartHome.Enums.EquipmentType.Magnet">
            <summary>
            Equipement type windows door sensor
            </summary>
        </member>
        <member name="F:XiaomiSmartHome.Enums.EquipmentType.MotionAq2">
            <summary>
            Equipement type motion detector v2
            </summary>
        </member>
        <member name="F:XiaomiSmartHome.Enums.EquipmentType.MagnetAq2">
            <summary>
            Equipement type windows door sensor v2
            </summary>
        </member>
        <member name="F:XiaomiSmartHome.Enums.EquipmentType.Weather">
            <summary>
            Equipement type capteur température et humidité
            </summary>
        </member>
        <member name="F:XiaomiSmartHome.Enums.EquipmentType.WallSwitchOneButon">
            <summary>
            Equipement type switch mural un bouton
            </summary>
        </member>
        <member name="F:XiaomiSmartHome.Enums.EquipmentType.Cube">
            <summary>
            Equipement type magic cube
            </summary>
        </member>
        <member name="F:XiaomiSmartHome.Enums.EquipmentType.SwitchAq2">
            <summary>
            Equipement type switch v2
            </summary>
        </member>
        <member name="M:XiaomiSmartHome.Enums.GetRealName(System.Enum)">
            <summary>
            Get value seen by xiaomi ;)
            </summary>
            <param name="enumValue">Selected enum value</param>
            <returns></returns>
        </member>
        <member name="T:XiaomiSmartHome.Equipement.Cube">
            <summary>
            Magic cube
            </summary>
        </member>
        <member name="P:XiaomiSmartHome.Equipement.Cube.Status">
            <summary>
            cube_status	flip90/flip180/move/tap_twice/shake_air/swing/alert/free_fall/rotate
            </summary>
        </member>
        <member name="P:XiaomiSmartHome.Equipement.Cube.RotateDegree">
            <summary>
            rotate_degree	Rotation angle, the unit is degree(°) . Positive numbers indicate clockwise rotations and negative numbers indicate counterclockwise rotations.
            </summary>
        </member>
        <member name="P:XiaomiSmartHome.Equipement.Cube.DetectTime">
            <summary>
            /detect_time	Rotation time, the unit is ms.
            </summary>
        </member>
        <member name="M:XiaomiSmartHome.Equipement.Cube.#ctor">
            <summary>
            Ctor
            </summary>
        </member>
        <member name="M:XiaomiSmartHome.Equipement.Cube.Update(System.Object,System.String)">
            <summary>
            Update equipment with last data
            </summary>
        </member>
        <member name="M:XiaomiSmartHome.Equipement.Cube.ShouldSerialize_status">
            <summary>
            Force cube_status to be serialized as Status
            </summary>
            <returns></returns>
        </member>
        <member name="T:XiaomiSmartHome.Equipement.EquipementController">
            <summary>
            Send command for equipement
            </summary>
        </member>
        <member name="F:XiaomiSmartHome.Equipement.EquipementController.equipementManager">
            <summary>
            Equipement manager
            </summary>
        </member>
        <member name="M:XiaomiSmartHome.Equipement.EquipementController.#ctor(XiaomiSmartHome.Equipement.EquipementManager)">
            <summary>
            Ctor
            </summary>
            <param name="eqManager">The equipement manager</param>
        </member>
        <member name="M:XiaomiSmartHome.Equipement.EquipementController.Read(System.String)">
            <summary>
            Send Read cmd to refresh data
            </summary>
            <param name="sid">Equipement SID</param>
        </member>
        <member name="M:XiaomiSmartHome.Equipement.EquipementController.TurnGatewayLightOn(System.Int32,System.Int32,System.Int32,System.Nullable{System.Int32})">
            <summary>
            Turn the gateway light on
            </summary>
            <param name="r">Red</param>
            <param name="g">green</param>
            <param name="b">blue</param>
            <param name="brightness">Brightness</param>
        </member>
        <member name="M:XiaomiSmartHome.Equipement.EquipementController.TurnGatewayLightOff">
            <summary>
            Turn the gateway light off
            </summary>
        </member>
        <member name="M:XiaomiSmartHome.Equipement.EquipementController.PlayGatewaySound(System.Int32,System.Int32)">
            <summary>
            Start playing sound on gateway
            </summary>
            <param name="mid"></param>
            <param name="vol"></param>
        </member>
        <member name="M:XiaomiSmartHome.Equipement.EquipementController.StopGatewaySound">
            <summary>
            Stop playing sound on gateway
            </summary>
        </member>
        <member name="M:XiaomiSmartHome.Equipement.EquipementController.TurnPlugOn(System.String)">
            <summary>
            Turn plug on
            </summary>
            <param name="sid">Equipement SID</param>
        </member>
        <member name="M:XiaomiSmartHome.Equipement.EquipementController.TurnPlugOff(System.String)">
            <summary>
            Turn plug off
            </summary>
            <param name="sid">Equipement SID</param>
        </member>
        <member name="M:XiaomiSmartHome.Equipement.EquipementController.Click(System.String)">
            <summary>
            Simulate click on switch
            </summary>
            <param name="sid">Equipement SID</param>
        </member>
        <member name="M:XiaomiSmartHome.Equipement.EquipementController.DoubleClick(System.String)">
            <summary>
            Simulate DoubleClick on switch
            </summary>
            <param name="sid">Equipement SID</param>
        </member>
        <member name="M:XiaomiSmartHome.Equipement.EquipementController.LongClickPress(System.String)">
            <summary>
            Simulate LongClickPress on switch
            </summary>
            <param name="sid">Equipement SID</param>
        </member>
        <member name="M:XiaomiSmartHome.Equipement.EquipementController.LongClickRelease(System.String)">
            <summary>
            Simulate LongClickRelease on switch
            </summary>
            <param name="sid">Equipement SID</param>
        </member>
        <member name="T:XiaomiSmartHome.Equipement.EquipementManager">
            <summary>
            Manager for all equipements
            </summary>
        </member>
        <member name="F:XiaomiSmartHome.Equipement.EquipementManager.logPath">
            <summary>
            Chemin des logs
            </summary>
        </member>
        <member name="F:XiaomiSmartHome.Equipement.EquipementManager.udpClientWrapper">
            <summary>
            Wrapper to communicate with gateway
            </summary>
        </member>
        <member name="F:XiaomiSmartHome.Equipement.EquipementManager.lEquipements">
            <summary>
            Equipment list connected to gateway
            </summary>
        </member>
        <member name="P:XiaomiSmartHome.Equipement.EquipementManager.Gateway">
            <summary>
            Get the gateway in equipement list
            TODO multiple gateway support
            </summary>
        </member>
        <member name="M:XiaomiSmartHome.Equipement.EquipementManager.#ctor(XiaomiSmartHome.MulticastUdpClient)">
            <summary>
            Ctor
            </summary>
            <param name="udpClient">The Wrapper to communicate with gateway</param>
        </member>
        <member name="M:XiaomiSmartHome.Equipement.EquipementManager.InitEquipements">
            <summary>
            Init all equipement and gateway
            </summary>
        </member>
        <member name="M:XiaomiSmartHome.Equipement.EquipementManager.FindEquipementsList">
            <summary>
            Send request to get id of items connected to gateway
            </summary>
        </member>
        <member name="M:XiaomiSmartHome.Equipement.EquipementManager.ReadEquipement(System.String)">
            <summary>
            Send to gateway command to read one equipement
            </summary>
            <param name="sid">SID of the equipement.</param>
        </member>
        <member name="M:XiaomiSmartHome.Equipement.EquipementManager.ProcessUdpDiagram(System.String)">
            <summary>
            Process message according to the command
            </summary>
            <param name="resp">Data received from gateway</param>
        </member>
        <member name="M:XiaomiSmartHome.Equipement.EquipementManager.SendCommand(XiaomiSmartHome.Enums.CommandType,System.String,System.Collections.Generic.Dictionary{System.String,System.Object})">
            <summary>
            Send command to gateway
            </summary>
            <returns></returns>
        </member>
        <member name="M:XiaomiSmartHome.Equipement.EquipementManager.PushStateObject(System.String,System.Object)">
            <summary>
            Push state object to constellation
            </summary>
            <param name="sid">Model sid</param>
            <param name="model">the model</param>
        </member>
        <member name="M:XiaomiSmartHome.Equipement.EquipementManager.GetActualKey">
            <summary>
            Generate current key to send command at gateway
            </summary>
            <returns>Actual key</returns>
        </member>
        <member name="T:XiaomiSmartHome.Equipement.Equipment">
            <summary>
            Base equipment class
            </summary>
        </member>
        <member name="P:XiaomiSmartHome.Equipement.Equipment.Model">
            <summary>
            Model type.
            </summary>
        </member>
        <member name="P:XiaomiSmartHome.Equipement.Equipment.Sid">
            <summary>
            SID (mac adress).
            </summary>
        </member>
        <member name="P:XiaomiSmartHome.Equipement.Equipment.ShortId">
            <summary>
            Short id
            </summary>
        </member>
        <member name="P:XiaomiSmartHome.Equipement.Equipment.Voltage">
            <summary>
            Voltage left
            </summary>
        </member>
        <member name="P:XiaomiSmartHome.Equipement.Equipment.Battery">
            <summary>
            Battery type.
            </summary>
        </member>
        <member name="P:XiaomiSmartHome.Equipement.Equipment.BatteryLevel">
            <summary>
            Battery level
            </summary>
        </member>
        <member name="P:XiaomiSmartHome.Equipement.Equipment.Status">
            <summary>
            Sensor state
            </summary>
        </member>
        <member name="P:XiaomiSmartHome.Equipement.Equipment.CmdType">
            <summary>
            Last command type
            </summary>
        </member>
        <member name="P:XiaomiSmartHome.Equipement.Equipment.LastSatusChange">
            <summary>
            Last status change date
            </summary>
        </member>
        <member name="M:XiaomiSmartHome.Equipement.Equipment.Update(System.Object,System.String)">
            <summary>
            Update equipment with last data
            </summary>
            <param name="data">The reported data</param>
            <param name="cmdType">Commande type</param>
        </member>
        <member name="M:XiaomiSmartHome.Equipement.Equipment.ParseVoltage(System.Int32)">
            <summary>
            Get percent battery left
            </summary>
            <param name="voltage"></param>
            <returns></returns>
        </member>
        <member name="T:XiaomiSmartHome.Equipement.Gateway">
            <summary>
            Xiaomi gateway
            </summary>
        </member>
        <member name="P:XiaomiSmartHome.Equipement.Gateway.Token">
            <summary>
            Last token.
            </summary>
        </member>
        <member name="P:XiaomiSmartHome.Equipement.Gateway.IP">
            <summary>
            Gets or sets the number.
            </summary>
        </member>
        <member name="P:XiaomiSmartHome.Equipement.Gateway.Rgb">
            <summary>
            Led color in rgb.
            </summary>
        </member>
        <member name="P:XiaomiSmartHome.Equipement.Gateway.Illumination">
            <summary>
            Illumination in lux.
            </summary>
        </member>
        <member name="M:XiaomiSmartHome.Equipement.Gateway.#ctor">
            <summary>
            Ctor
            </summary>
        </member>
        <member name="M:XiaomiSmartHome.Equipement.Gateway.Update(System.Object,System.String)">
            <summary>
            Update equipment with last data
            </summary>
        </member>
        <member name="T:XiaomiSmartHome.Equipement.MagnetAq2">
            <summary>
            Windows door sensor v2
            </summary>
        </member>
        <member name="M:XiaomiSmartHome.Equipement.MagnetAq2.Update(System.Object,System.String)">
            <summary>
            Update equipment with last data
            </summary>
        </member>
        <member name="T:XiaomiSmartHome.Equipement.MotionAq2">
            <summary>
            Motion sensor
            </summary>
        </member>
        <member name="P:XiaomiSmartHome.Equipement.MotionAq2.Lux">
            <summary>
            Illumination in lux.
            </summary>
        </member>
        <member name="M:XiaomiSmartHome.Equipement.MotionAq2.Update(System.Object,System.String)">
            <summary>
            Update equipment with last data
            </summary>
        </member>
        <member name="T:XiaomiSmartHome.Equipement.Plug">
            <summary>
            Wall plug
            </summary>
        </member>
        <member name="P:XiaomiSmartHome.Equipement.Plug.InUse">
            <summary>
            In use
            </summary>
        </member>
        <member name="P:XiaomiSmartHome.Equipement.Plug.PowerConsumed">
            <summary>
            Total power consumed
            </summary>
        </member>
        <member name="P:XiaomiSmartHome.Equipement.Plug.LoadPower">
            <summary>
            Current load power
            </summary>
        </member>
        <member name="M:XiaomiSmartHome.Equipement.Plug.#ctor">
            <summary>
            Ctor
            </summary>
        </member>
        <member name="M:XiaomiSmartHome.Equipement.Plug.Update(System.Object,System.String)">
            <summary>
            Update equipment with last data
            </summary>
        </member>
        <member name="M:XiaomiSmartHome.Equipement.SwitchAq2.Update(System.Object,System.String)">
            <summary>
            Update equipment with last data
            </summary>
        </member>
        <member name="T:XiaomiSmartHome.Equipement.WallSwitchOneButon">
            <summary>
            Smart Wireless Switch
            </summary>
        </member>
        <member name="P:XiaomiSmartHome.Equipement.WallSwitchOneButon.Status">
            <summary>
            Action
            </summary>
        </member>
        <member name="M:XiaomiSmartHome.Equipement.WallSwitchOneButon.#ctor">
            <summary>
            Ctor
            </summary>
        </member>
        <member name="M:XiaomiSmartHome.Equipement.WallSwitchOneButon.Update(System.Object,System.String)">
            <summary>
            Update equipment with last data
            </summary>
        </member>
        <member name="M:XiaomiSmartHome.Equipement.WallSwitchOneButon.ShouldSerialize_status">
            <summary>
            Force channel_0 to be serialized as Status
            </summary>
            <returns></returns>
        </member>
        <member name="T:XiaomiSmartHome.Equipement.Weather">
            <summary>
            Capteur température et humidité
            </summary>
        </member>
        <member name="P:XiaomiSmartHome.Equipement.Weather.Temperature">
            <summary>
            Temperature
            </summary>
        </member>
        <member name="P:XiaomiSmartHome.Equipement.Weather.Humidity">
            <summary>
            Humidity
            </summary>
        </member>
        <member name="P:XiaomiSmartHome.Equipement.Weather.Pressure">
            <summary>
            Pressure
            </summary>
        </member>
        <member name="M:XiaomiSmartHome.Equipement.Weather.#ctor">
            <summary>
            Ctor
            </summary>
        </member>
        <member name="M:XiaomiSmartHome.Equipement.Weather.Update(System.Object,System.String)">
            <summary>
            Update equipment with last data
            </summary>
        </member>
        <member name="T:XiaomiSmartHome.Equipement.Switch">
            <summary>
            Smart Wireless Switch
            </summary>
        </member>
        <member name="M:XiaomiSmartHome.Equipement.Switch.#ctor">
            <summary>
            Ctor
            </summary>
        </member>
        <member name="M:XiaomiSmartHome.Equipement.Switch.Update(System.Object,System.String)">
            <summary>
            Update equipment with last data
            </summary>
        </member>
        <member name="T:XiaomiSmartHome.Equipement.Motion">
            <summary>
            Motion sensor
            </summary>
        </member>
        <member name="P:XiaomiSmartHome.Equipement.Motion.NoMotion">
            <summary>
            No motion since.
            </summary>
        </member>
        <member name="M:XiaomiSmartHome.Equipement.Motion.#ctor">
            <summary>
            Ctor
            </summary>
        </member>
        <member name="M:XiaomiSmartHome.Equipement.Motion.Update(System.Object,System.String)">
            <summary>
            Update equipment with last data
            </summary>
        </member>
        <member name="T:XiaomiSmartHome.Equipement.Magnet">
            <summary>
            Windows door sensor
            </summary>
        </member>
        <member name="P:XiaomiSmartHome.Equipement.Magnet.NoClose">
            <summary>
            Time since door / window is open
            </summary>
        </member>
        <member name="M:XiaomiSmartHome.Equipement.Magnet.#ctor">
            <summary>
            Ctor
            </summary>
        </member>
        <member name="M:XiaomiSmartHome.Equipement.Magnet.Update(System.Object,System.String)">
            <summary>
            Update equipment with last data
            </summary>
        </member>
        <member name="T:XiaomiSmartHome.Equipement.SensorHT">
            <summary>
            Humidity / Temperature sensor
            </summary>
        </member>
        <member name="P:XiaomiSmartHome.Equipement.SensorHT.Temperature">
            <summary>
            Temperature level in ºC.
            </summary>
        </member>
        <member name="P:XiaomiSmartHome.Equipement.SensorHT.Humidity">
            <summary>
            Humidity level in %.
            </summary>
        </member>
        <member name="M:XiaomiSmartHome.Equipement.SensorHT.#ctor">
            <summary>
            Ctor
            </summary>
        </member>
        <member name="M:XiaomiSmartHome.Equipement.SensorHT.Update(System.Object,System.String)">
            <summary>
            Update equipment with last data
            </summary>
        </member>
        <member name="T:XiaomiSmartHome.Model.Command">
            <summary>
            Command to the gateway
            </summary>
        </member>
        <member name="P:XiaomiSmartHome.Model.Command.Cmd">
            <summary>
            Command name
            </summary>
        </member>
        <member name="P:XiaomiSmartHome.Model.Command.Model">
            <summary>
            Model type
            </summary>
        </member>
        <member name="P:XiaomiSmartHome.Model.Command.Sid">
            <summary>
            SID (mac adress)
            </summary>
        </member>
        <member name="P:XiaomiSmartHome.Model.Command.Short_id">
            <summary>
            Short ID
            </summary>
        </member>
        <member name="P:XiaomiSmartHome.Model.Command.Key">
            <summary>
            Key
            </summary>
        </member>
        <member name="P:XiaomiSmartHome.Model.Command.Data">
            <summary>
            params
            </summary>
        </member>
        <member name="T:XiaomiSmartHome.Model.Response">
            <summary>
            Response from the gateway
            </summary>
        </member>
        <member name="P:XiaomiSmartHome.Model.Response.Cmd">
            <summary>
            Command name
            </summary>
        </member>
        <member name="P:XiaomiSmartHome.Model.Response.Model">
            <summary>
            Model type
            </summary>
        </member>
        <member name="P:XiaomiSmartHome.Model.Response.Sid">
            <summary>
            SID (mac adress)
            </summary>
        </member>
        <member name="P:XiaomiSmartHome.Model.Response.Short_id">
            <summary>
            Short ID
            </summary>
        </member>
        <member name="P:XiaomiSmartHome.Model.Response.Token">
            <summary>
            Last token
            </summary>
        </member>
        <member name="P:XiaomiSmartHome.Model.Response.Data">
            <summary>
            Last equipement values
            </summary>
        </member>
        <member name="T:XiaomiSmartHome.MulticastUdpClient">
            <summary>
            Multicast UdpClient wrapper with send and receive capabilities.
            Usage: pass local and remote multicast IPs and port to constructor.
            Use Send method to send data,
            subscribe to Received event to get notified about received data.
            </summary>
        </member>
        <member name="M:XiaomiSmartHome.MulticastUdpClient.#ctor(System.Net.IPAddress,System.Int32,System.Net.IPAddress)">
            <summary>
            Ctor
            </summary>
            <param name="multicastIPaddress">Multicast Ip</param>
            <param name="port">Multicast Port</param>
            <param name="gatewayIpAdress">Ip adress of gateway</param>
        </member>
        <member name="M:XiaomiSmartHome.MulticastUdpClient.SendToGateway(System.Byte[])">
            <summary>
            Send the buffer by UDP to multicast address
            </summary>
            <param name="bufferToSend">Buffer to send over udp</param>
        </member>
        <member name="M:XiaomiSmartHome.MulticastUdpClient.ReceivedCallback(System.IAsyncResult)">
            <summary>
            Callback which is called when UDP packet is received
            </summary>
            <param name="ar">Received data</param>
        </member>
        <member name="E:XiaomiSmartHome.MulticastUdpClient.UdpMessageReceived">
            <summary>
            Event handler which will be invoked when UDP message is received
            </summary>
        </member>
        <member name="T:XiaomiSmartHome.MulticastUdpClient.UdpMessageReceivedEventArgs">
            <summary>
            Arguments for UdpMessageReceived event handler
            </summary>
        </member>
        <member name="P:XiaomiSmartHome.MulticastUdpClient.UdpMessageReceivedEventArgs.Buffer">
            <summary>
            Buffer of received data
            </summary>
        </member>
        <member name="T:XiaomiSmartHome.Program">
            <summary>
            Base class
            </summary>
        </member>
        <member name="F:XiaomiSmartHome.Program.udpClientWrapper">
            <summary>
            Gateway listener
            </summary>
        </member>
        <member name="F:XiaomiSmartHome.Program.equipementManager">
            <summary>
            Manager for xiaomi equipments
            </summary>
        </member>
        <member name="F:XiaomiSmartHome.Program.equipementController">
            <summary>
            Equipement controller
            </summary>
        </member>
        <member name="M:XiaomiSmartHome.Program.Main(System.String[])">
            <summary>
            Call at start
            </summary>
            <param name="args"></param>
        </member>
        <member name="M:XiaomiSmartHome.Program.OnStart">
            <summary>
            Main function
            </summary>
        </member>
        <member name="M:XiaomiSmartHome.Program.StartListener">
            <summary>
            Listening multicast to get reports and heartbeat
            </summary>
        </member>
        <member name="M:XiaomiSmartHome.Program.OnUdpMessageReceived(System.Object,XiaomiSmartHome.MulticastUdpClient.UdpMessageReceivedEventArgs)">
            <summary>
            Event handler which will be invoked when UDP message is received
            </summary>
            <param name="sender">sender</param>
            <param name="e">data</param>
        </member>
        <member name="M:XiaomiSmartHome.Program.GetCustomSoName(System.String)">
            <summary>
            Gets custom name of the state object by its id
            </summary>
            <param name="deviceId">Device id.</param>
            <returns>The so name</returns>
        </member>
        <member name="M:XiaomiSmartHome.Program.TurnGatewayLightOn(System.Int32,System.Int32,System.Int32,System.Nullable{System.Int32})">
            <summary>
            Turn the gateway light on
            </summary>
            <param name="r">Red</param>
            <param name="g">green</param>
            <param name="b">blue</param>
            <param name="brightness">Brightness optional</param>
        </member>
        <member name="M:XiaomiSmartHome.Program.TurnGatewayLightOff">
            <summary>
            Turn the gateway light off
            </summary>
        </member>
        <member name="M:XiaomiSmartHome.Program.PlayGatewaySound(System.Int32,System.Int32)">
            <summary>
            Start playing sound on gateway
            </summary>
            <param name="mid">Sound identifier</param>
            <param name="vol">Volume</param>
        </member>
        <member name="M:XiaomiSmartHome.Program.StopGatewaySound">
            <summary>
            Stop playing sound on gateway
            </summary>
        </member>
        <member name="M:XiaomiSmartHome.Program.TurnPlugOn(System.String)">
            <summary>
            Turn plug on
            </summary>
            <param name="sid">Equipement SID</param>
        </member>
        <member name="M:XiaomiSmartHome.Program.TurnPlugOff(System.String)">
            <summary>
            Turn plug off
            </summary>
            <param name="sid">Equipement SID</param>
        </member>
        <member name="M:XiaomiSmartHome.Program.Click(System.String)">
            <summary>
            Simulate click on switch
            </summary>
            <param name="sid">Equipement SID</param>
        </member>
        <member name="M:XiaomiSmartHome.Program.DoubleClick(System.String)">
            <summary>
            Simulate DoubleClick on switch
            </summary>
            <param name="sid">Equipement SID</param>
        </member>
        <member name="M:XiaomiSmartHome.Program.LongClickPress(System.String)">
            <summary>
            Simulate LongClickPress on switch
            </summary>
            <param name="sid">Equipement SID</param>
        </member>
        <member name="M:XiaomiSmartHome.Program.LongClickRelease(System.String)">
            <summary>
            Simulate LongClickRelease on switch
            </summary>
            <param name="sid">Equipement SID</param>
        </member>
    </members>
</doc>
